tree_id,tree_name,surname,created_by_user_id,revision_at
1,秦氏族谱,秦,21,2021-07-16 15:15:13
2,熊氏族谱,熊,16,2020-12-19 01:09:42
3,邱氏族谱,邱,23,2024-02-07 07:53:12
4,李氏族谱,李,37,2020-08-05 22:05:10
5,王氏族谱,王,27,2025-03-11 12:45:48
6,冯氏族谱,冯,36,2024-08-19 03:49:57
7,马氏族谱,马,24,2023-11-08 11:10:54
8,江氏族谱,江,43,2020-01-11 20:53:28
9,侯氏族谱,侯,23,2022-05-14 23:07:15
10,兰氏族谱,兰,35,2023-05-09 10:23:53
11,丁氏族谱,丁,32,2023-12-16 23:56:45
12,胡氏族谱,胡,27,2025-11-23 12:25:16
13,胡氏族谱,胡,18,2023-08-20 05:35:26
14,张氏族谱,张,2,2024-12-10 03:24:55
15,李氏族谱,李,7,2023-09-29 04:06:10
