user_id,username,password_hash,registered_at
1,songchao4862,123456,2024-07-12 04:55:52
2,xia452954,123456,2023-10-13 17:26:18
3,speng4429,123456,2019-03-21 02:24:54
4,lei859717,123456,2023-07-25 07:14:42
5,xiuyingdong3622,123456,2024-01-01 15:40:54
6,ndai8494,123456,2024-01-11 02:06:19
7,guiyinghao3361,123456,2018-11-30 07:15:29
8,qiantao5923,123456,2023-06-07 12:50:43
9,xia049933,123456,2019-03-30 07:17:31
10,yongqin3662,123456,2017-05-23 09:17:55
11,xiayin3210,123456,2017-02-27 04:15:45
12,xfeng1243,123456,2020-11-26 06:56:08
13,xzhou6087,123456,2017-10-19 00:05:19
14,vlei5661,123456,2023-01-19 13:26:46
15,qiang977855,123456,2025-02-02 11:31:22
16,dongli2186,123456,2016-07-05 04:22:57
17,azhong2717,123456,2022-11-21 04:59:21
18,jing603456,123456,2023-07-29 13:20:57
19,fangna3983,123456,2021-11-24 07:06:17
20,tao258070,123456,2024-12-04 21:13:21
21,xwang6204,123456,2019-08-24 20:27:19
22,lxu7328,123456,2016-09-22 14:58:07
23,xieyang1274,123456,2017-11-16 19:56:57
24,xiuying506662,123456,2023-09-05 00:12:10
25,fang836583,123456,2020-11-16 01:38:03
26,yangqiao5440,123456,2017-12-03 12:08:54
27,nzhu9572,123456,2025-01-05 06:48:12
28,xiaochao9490,123456,2018-06-09 20:21:24
29,guqiang4356,123456,2017-12-30 14:31:05
30,jchang5676,123456,2025-02-25 04:36:25
31,dxiao8162,123456,2020-07-22 08:16:49
32,yzhou9205,123456,2021-11-11 23:40:40
33,kxiao3338,123456,2022-07-24 12:09:47
34,xiulanhe8299,123456,2018-04-30 20:26:53
35,yong844787,123456,2022-08-02 06:17:24
36,juan253485,123456,2019-12-15 16:47:06
37,yong376148,123456,2017-06-25 12:25:18
38,zlai9375,123456,2018-07-15 17:21:19
39,denglei2518,123456,2024-06-23 18:23:06
40,gangyang4865,123456,2022-01-21 17:24:55
41,pinggao3941,123456,2018-03-15 10:21:49
42,ggao3844,123456,2018-12-01 12:42:40
43,xiuyingxu8941,123456,2018-04-13 18:41:06
44,juan813628,123456,2024-07-22 23:22:06
45,pma4691,123456,2016-12-08 22:13:24
46,xiaqian6908,123456,2017-09-30 12:57:16
47,xliao3856,123456,2022-07-28 05:47:59
48,lilei3514,123456,2023-06-22 06:17:14
49,yanjiang1150,123456,2020-07-27 11:11:03
50,yxia8528,123456,2018-08-23 19:54:43
