user_id,username,password_hash,registered_at
1,songchao4862,a45ae0cf37b8902686af2a29a765bcd6,2024-07-12 04:55:52
2,xia452954,d379320c1b2ff19dbd4b299064147307,2023-10-13 17:26:18
3,speng4429,c487b6ae3ed023c33107e99861e6204d,2019-03-21 02:24:54
4,lei859717,c36e63187acd4a9efb2c9748cb423106,2023-07-25 07:14:42
5,xiuyingdong3622,4481dc2134e56bf4031d05c9bbe5824b,2024-01-01 15:40:54
6,ndai8494,bbf54b44fd3f299fa3d521b38acc650f,2024-01-11 02:06:19
7,guiyinghao3361,ab2406a5a485e3a7a9aea838631e2840,2018-11-30 07:15:29
8,qiantao5923,f0a2bb1bbdca9699c271014f2d414aa3,2023-06-07 12:50:43
9,xia049933,3c45aa95825a5127cf6149b16a0c7b3b,2019-03-30 07:17:31
10,yongqin3662,d55c11fa7220625811f3c29e2ff401ac,2017-05-23 09:17:55
11,xiayin3210,35209b08c7e2288679244761d52b545c,2017-02-27 04:15:45
12,xfeng1243,eb4bac32714dd3d9b4c6493712effae6,2020-11-26 06:56:08
13,xzhou6087,04641caf6479f0d4784038c2224bb7dc,2017-10-19 00:05:19
14,vlei5661,fe869cc4a5bbc2d32a863c82e9683769,2023-01-19 13:26:46
15,qiang977855,a0289b55c33f96c20bcb0eb7b22699e0,2025-02-02 11:31:22
16,dongli2186,92e57a55e76803913ef716173b2aaba9,2016-07-05 04:22:57
17,azhong2717,46c583af8bc6b7e5388574dde5f6c9a8,2022-11-21 04:59:21
18,jing603456,051172a9d815d86c9ce289a22e55d183,2023-07-29 13:20:57
19,fangna3983,35f65a3c8b04ffa6e06b6fe0b3ae98a8,2021-11-24 07:06:17
20,tao258070,1f01ff4ac3f3b812b62aa1fdf61ed075,2024-12-04 21:13:21
21,xwang6204,5f0022bf01115981238fd804e90421e5,2019-08-24 20:27:19
22,lxu7328,c47f46de7577f372f5cb4805d5c49b3f,2016-09-22 14:58:07
23,xieyang1274,53068b471d37d020b83db8c848d73922,2017-11-16 19:56:57
24,xiuying506662,99a9e60ab509fc9557b7625b99282993,2023-09-05 00:12:10
25,fang836583,0715c9df053de6eb1f60d72e90de7a70,2020-11-16 01:38:03
26,yangqiao5440,2a39682bdf2adba4788ed6b143049e8c,2017-12-03 12:08:54
27,nzhu9572,7b1463764e12c930f2752c131e13885d,2025-01-05 06:48:12
28,xiaochao9490,691587c509d205b06352506ad477ee88,2018-06-09 20:21:24
29,guqiang4356,4625438d4d9dad893ee00d240c236c17,2017-12-30 14:31:05
30,jchang5676,0ef82b2c4b1e82718310963e68e2cdc3,2025-02-25 04:36:25
31,dxiao8162,0da4e7465218d935fea1c4a659b43517,2020-07-22 08:16:49
32,yzhou9205,cb6c22c14683967621acedcabee8efcd,2021-11-11 23:40:40
33,kxiao3338,63469966632b96d8deee997dbdd3c570,2022-07-24 12:09:47
34,xiulanhe8299,a448b2ffa5bc1a89bd9ec173cac483cd,2018-04-30 20:26:53
35,yong844787,217556264d60f5df3db3eacfd381a8b5,2022-08-02 06:17:24
36,juan253485,246b023fee2a3b94c49b64bb172d8aa3,2019-12-15 16:47:06
37,yong376148,a3fe276a1f6c4f2130258dafacbfc35d,2017-06-25 12:25:18
38,zlai9375,bafd628c344333625a5ceea86cadbc6d,2018-07-15 17:21:19
39,denglei2518,a85516d316676c7627bb73d1da6093c5,2024-06-23 18:23:06
40,gangyang4865,dcbbe802acf920aea59dbe05b9d1386c,2022-01-21 17:24:55
41,pinggao3941,c5907686a17e735c83a89b81d1bc9b8f,2018-03-15 10:21:49
42,ggao3844,ab36a4cbbd3f3408692a069907bb5aeb,2018-12-01 12:42:40
43,xiuyingxu8941,fca76f9b21ed76f83e512dbc9e4cd693,2018-04-13 18:41:06
44,juan813628,2c53ddd7bac6e67b86f35d7df32b8a17,2024-07-22 23:22:06
45,pma4691,163a40edc098644fe6268afaa502187e,2016-12-08 22:13:24
46,xiaqian6908,09b7aa77a3cf731625f7fc23b45d9a03,2017-09-30 12:57:16
47,xliao3856,a1c14159e3589a82e36e7407e50e9437,2022-07-28 05:47:59
48,lilei3514,a0528265d11eaaa3e36c7d0b51671218,2023-06-22 06:17:14
49,yanjiang1150,2f1a996079a6b6de8f284a91bef7b151,2020-07-27 11:11:03
50,yxia8528,da73d80449a30cf7d6d9c7747962d48c,2018-08-23 19:54:43
